{"cameraMode":{"drawMode":0,"name":"Shaded","section":"Shading Mode"},"sceneLighting":false,"audioPlay":false,"sceneViewState":{"m_AlwaysRefresh":false,"showFog":true,"showSkybox":true,"showFlares":true,"showImageEffects":true,"showParticleSystems":true,"showVisualEffectGraphs":true,"m_FxEnabled":true},"in2DMode":false,"pivot":{"x":1890.0592041015625,"y":1357.299560546875,"z":-2583.852294921875},"rotation":{"x":-0.0026902882382273676,"y":-0.007504897657781839,"z":-0.000020164212401141413,"w":0.9999690055847168},"size":86.43669128417969,"orthographic":false}